{
  "amd": {
    "baseUrl": "./app/js",
    "mainConfigFile": "./app/js/amd-config.js",
    "include": [
      "main",
      "pages/*"
    ]
  },

  "html": [
    { "cwd": "app", "src": ["*.html"] },
    { "cwd": "app", "src": ["templates/**/*.html"] }
  ],

  "templates": [
    { "cwd": "app", "src": ["templates/**/*.dust"] }
  ],

  "css": [
    { "cwd": "app", "src": ["css/**"] }
  ],

  "js": [
    { "cwd": "app", "src": ["js/**"] }
  ],

  "images": [
    { "cwd": "app", "src": ["images/**"] }
  ],

  "common": [
    { "cwd": ".", "src": ["LICENCE"] },
    { "cwd": "app", "src": ["audio/**"] },
    { "cwd": "app", "src": ["fonts/**"] },
    { "cwd": "app", "src": ["data/**"] }
  ],

  "libs-COMMENT": "bower can display a list of files required for installed components, but only if the project has been configured correctly; because the projects used here aren't, we instead have to rely on manually enumerating them; this list is used for the unminified copy only: requirejs automatically traces dependencies for the minified JS.",
  "libs": [
    { "cwd": "app", "src": ["lib/intel-appframework/appframework.min.js"] },
    { "cwd": "app", "src": ["lib/iscroll/dist/iscroll-min.js"] },
    { "cwd": "app", "src": ["lib/pegjs/peg-0.9.0.min.js"] },
    { "cwd": "app", "src": ["lib/open-sans/OpenSans-Light.ttf"] },
    { "cwd": "app", "src": ["lib/open-sans/OpenSans-Regular.ttf"] },
    { "cwd": "app", "src": ["lib/open-sans/OpenSans-Semibold.ttf"] },
    { "cwd": "app", "src": ["lib/q/q.js"] }
  ],

  "wgtRemoteDir": "/home/developer",
  "wgtConfig": "platforms/wgt/config.xml",
  "serverPort": 30303
}
